2026-02-04 21:49:44,KINGSTON OM8PCP3512F-AI1,100,N/A
2026-02-04 21:52:41,KINGSTON OM8PCP3512F-AI1,100,N/A
2026-02-04 21:52:46,KINGSTON OM8PCP3512F-AI1,100,N/A
2026-02-04 22:08:12,KINGSTON OM8PCP3512F-AI1,100,N/A
2026-02-04 22:13:15,KINGSTON OM8PCP3512F-AI1,100,N/A
2026-02-04 22:18:17,KINGSTON OM8PCP3512F-AI1,100,N/A
2026-02-04 23:21:19,KINGSTON OM8PCP3512F-AI1,100,N/A
2026-02-04 23:28:49,KINGSTON OM8PCP3512F-AI1,100,N/A
2026-02-04 23:28:59,KINGSTON OM8PCP3512F-AI1,100,N/A
2026-02-04 23:29:00,KINGSTON OM8PCP3512F-AI1,100,N/A
2026-02-04 23:29:40,KINGSTON OM8PCP3512F-AI1,100,N/A
2026-02-04 23:29:45,KINGSTON OM8PCP3512F-AI1,100,N/A
2026-02-04 23:29:46,KINGSTON OM8PCP3512F-AI1,100,N/A
2026-02-04 23:29:48,KINGSTON OM8PCP3512F-AI1,100,N/A
